,mile,access,stations,2207 saturday,2211 saturday,2255 saturday,2259 saturday,2219 saturday,2265 saturday,2267 saturday,2271 saturday,2293 saturday
column-options,,,,ardp,,,,,,,,
days,,,,NYP,NYP,NYP,NYP,NYP,NYP,NYP,NYP,NYP
updown,,,,,,,,,,,,
BOS,0,,,,,,,,,,,
BBY,1,,,,,,,,,,,
RTE,11,,,,,,,,,,,
PVD,43,,,,,,,,,,,
NHV,156,,,,,,,,,,,
STM,195,,,,,,,,,,,
NYP,231,,,,,,,,,,,
NWK,241,,,,,,,,,,,
MET,255,,,,,,,,,,,
PHL,322,,,,,,,,,,,
WIL,347,,,,,,,,,,,
BAL,416,,,,,,,,,,,
BWI,427,,,,,,,,,,,
WAS,457,,,,,,,,,,,
