,mile,access,stations,2250 sunday,2252 sunday,2254 sunday,2208 sunday,2256 sunday,2258 sunday,2260 sunday,2262 sunday,2224 sunday,2228 sunday
column-options,,,,ardp,,,,,,,,,
days,,,,NYP,NYP,NYP,NYP,NYP,NYP,NYP,NYP,NYP,PHL
updown,,,,,,,,,,,,,
WAS,0,,,,,,,,,,,,
BWI,30,,,,,,,,,,,,
BAL,41,,,,,,,,,,,,
WIL,110,,,,,,,,,,,,
PHL,135,,,,,,,,,,,,
MET,202,,,,,,,,,,,,
NWK,216,,,,,,,,,,,,
NYP,226,,,,,,,,,,,,
STM,262,,,,,,,,,,,,
NHV,301,,,,,,,,,,,,
PVD,414,,,,,,,,,,,,
RTE,446,,,,,,,,,,,,
BBY,456,,,,,,,,,,,,
BOS,457,,,,,,,,,,,,
