,mile,access,stations,2190,2150,2102,2152,2104,2154,2156,2108,2112,2158,2116,2160,2118,2162,2120,2124,2126,2128
column-options,,,,ardp,,,,,,,,,,,,,,,,,
days,,,,NYP,NYP,NYP,NYP,NYP,NYP,NYP,NYP,NYP,NYP,NYP,NYP,NYP,NYP,NYP,NYP,NYP,NYP
updown,,,,,,,,,,,,,,,,,,,,,
WAS,0,,,,,,,,,,,,,,,,,,,,
BWI,30,,,,,,,,,,,,,,,,,,,,
BAL,41,,,,,,,,,,,,,,,,,,,,
WIL,110,,,,,,,,,,,,,,,,,,,,
PHL,135,,,,,,,,,,,,,,,,,,,,
MET,202,,,,,,,,,,,,,,,,,,,,
NWK,216,,,,,,,,,,,,,,,,,,,,
NYP,226,,,,,,,,,,,,,,,,,,,,
STM,262,,,,,,,,,,,,,,,,,,,,
NHV,301,,,,,,,,,,,,,,,,,,,,
PVD,414,,,,,,,,,,,,,,,,,,,,
RTE,446,,,,,,,,,,,,,,,,,,,,
BBY,456,,,,,,,,,,,,,,,,,,,,
BOS,457,,,,,,,,,,,,,,,,,,,,
