,mile,access,stations,2203 sunday,2207 sunday,2211 sunday,2255 sunday,2259 sunday,2219 sunday,2263 sunday,2265 sunday,2267 sunday,2271 sunday,2293 sunday
column-options,,,,ardp,,,,,,,,,,
days,,,,NYP,NYP,NYP,NYP,NYP,NYP,NYP,NYP,NYP,NYP,NYP
updown,,,,,,,,,,,,,,
BOS,0,,,,,,,,,,,,,
BBY,1,,,,,,,,,,,,,
RTE,11,,,,,,,,,,,,,
PVD,43,,,,,,,,,,,,,
NHV,156,,,,,,,,,,,,,
STM,195,,,,,,,,,,,,,
NYP,231,,,,,,,,,,,,,
NWK,241,,,,,,,,,,,,,
MET,255,,,,,,,,,,,,,
PHL,322,,,,,,,,,,,,,
WIL,347,,,,,,,,,,,,,
BAL,416,,,,,,,,,,,,,
BWI,427,,,,,,,,,,,,,
WAS,457,,,,,,,,,,,,,
