,stations,timezone,access,516 tuesday,500 tuesday,502 tuesday,504 tuesday,518 tuesday,14 tuesday,506 tuesday,508 tuesday
column-options,,,,,,,,ardp,,ardp,ardp
route-name,,,,,,,,,,,
days,,,,SEA,SEA,SEA,SEA,SEA,SEA,SEA,SEA
,,,,,,,,,,,
KFS,,,,,,,,,,,
CMO,,,,,,,,,,,
EUG,,,,,,,,,,,
ALY,,,,,,,,,,,
SLM,,,,,,,,,,,
ORC,,,,,,,,,,,
PDX,,,,,,,,,,,
VAN,,,,,,,,,,,
KEL,,,,,,,,,,,
CTL,,,,,,,,,,,
OLW,,,,,,,,,,,
TAC,,,,,,,,,,,
TUK,,,,,,,,,,,
SEA,,,,,,,,,,,
EDM,,,,,,,,,,,
EVR,,,,,,,,,,,
STW,,,,,,,,,,,
MVW,,,,,,,,,,,
BEL,,,,,,,,,,,
VAC,,,,,,,,,,,
