,stations,timezone,access,503 tuesday,505 tuesday,11 tuesday,517 tuesday,507 tuesday,509 tuesday,511 tuesday,519 tuesday
column-options,,,,,,,,,,ardp,ardp
route-name,,,,,,,,,,,
days,,,,SEA,SEA,SEA,SEA,SEA,SEA,SEA,SEA
VAC,,,,,,,,,,,
BEL,,,,,,,,,,,
MVW,,,,,,,,,,,
STW,,,,,,,,,,,
EVR,,,,,,,,,,,
EDM,,,,,,,,,,,
SEA,,,,,,,,,,,
TUK,,,,,,,,,,,
TAC,,,,,,,,,,,
OLW,,,,,,,,,,,
CTL,,,,,,,,,,,
KEL,,,,,,,,,,,
VAN,,,,,,,,,,,
PDX,,,,,,,,,,,
ORC,,,,,,,,,,,
SLM,,,,,,,,,,,
ALY,,,,,,,,,,,
EUG,,,,,,,,,,,
CMO,,,,,,,,,,,
KFS,,,,,,,,,,,
