,55,57,mile, access, station,54,56
column-options,ardp,,,,,reverse ardp,reverse
days,SAB,SAB,,,,WAS,WAS
updown,,,,,,,
SAB,,,0,,,,
ESX,,,24,,,,
WAB,,,47,,,,
MPR,,,56,,,,
RPH,,,86,,,,
WRJ,,,118,,,,
WNM,,,131,,,,
CLA,,,140,,,,
BLF,,,157,,,,
BRA,,,181,,,,
GFD,,,205,,,,
NHT,,,224,,,,
HLK,,,235,,,,
SPG,,,245,,,,
WNL,,,260,,,,
HFD,,,271,,,,
MDN,,,289,,,,
NHV,,,307,,,,
BRP,,,324,,,,
STM,,,346,,,,
NYP,,,382,,,,
NWK,,,392,,,,
MET,,,406,,,,
TRE,,,440,,,,
PHL,,,473,,,,
WIL,,,498,,,,
BAL,,,567,,,,
BWI,,,578,,,,
NCR,,,599,,,,
WAS,,,608,,,,
